source,title,authors,year,published,abstract,url,query
arXiv,Human-Robot collaboration in surgery: Advances and challenges towards autonomous surgical assistants,Jacinto Colan; Ana Davila; Yutaro Yamada; Yasuhisa Hasegawa,2025,2025-07-15,"Human-robot collaboration in surgery represents a significant area of research, driven by the increasing capability of autonomous robotic systems to assist surgeons in complex procedures. This systematic review examines the advancements and persistent challenges in the development of autonomous surgical robotic assistants (ASARs), focusing specifically on scenarios where robots provide meaningful and active support to human surgeons. Adhering to the PRISMA guidelines, a comprehensive literature ",http://arxiv.org/abs/2507.11460v1,human robot handover speed safety assembly
arXiv,YCB-Handovers Dataset: Analyzing Object Weight Impact on Human Handovers to Adapt Robotic Handover Motion,Parag Khanna; Karen Jane Dsouza; Chunyu Wang; Mårten Björkman; Christian Smith,2025,2025-12-23,"This paper introduces the YCB-Handovers dataset, capturing motion data of 2771 human-human handovers with varying object weights. The dataset aims to bridge a gap in human-robot collaboration research, providing insights into the impact of object weight in human handovers and readiness cues for intuitive robotic motion planning. The underlying dataset for object recognition and tracking is the YCB (Yale-CMU-Berkeley) dataset, which is an established standard dataset used in algorithms for roboti",http://arxiv.org/abs/2512.20847v1,human robot handover speed safety assembly
arXiv,Enabling Intuitive Human-Robot Teaming Using Augmented Reality and Gesture Control,Jason M. Gregory; Christopher Reardon; Kevin Lee; Geoffrey White; Ki Ng et al.,2019,2019-09-13,"Human-robot teaming offers great potential because of the opportunities to combine strengths of heterogeneous agents. However, one of the critical challenges in realizing an effective human-robot team is efficient information exchange - both from the human to the robot as well as from the robot to the human. In this work, we present and analyze an augmented reality-enabled, gesture-based system that supports intuitive human-robot teaming through improved information exchange. Our proposed system",http://arxiv.org/abs/1909.06415v1,human robot handover speed safety assembly
arXiv,Kinematically Constrained Human-like Bimanual Robot-to-Human Handovers,Yasemin Göksu; Antonio De Almeida Correia; Vignesh Prasad; Alap Kshirsagar; Dorothea Koert et al.,2024,2024-02-22,"Bimanual handovers are crucial for transferring large, deformable or delicate objects. This paper proposes a framework for generating kinematically constrained human-like bimanual robot motions to ensure seamless and natural robot-to-human object handovers. We use a Hidden Semi-Markov Model (HSMM) to reactively generate suitable response trajectories for a robot based on the observed human partner's motion. The trajectories are adapted with task space constraints to ensure accurate handovers. Re",http://arxiv.org/abs/2402.14525v1,human robot handover speed safety assembly
arXiv,Learning-based Dynamic Robot-to-Human Handover,Hyeonseong Kim; Chanwoo Kim; Matthew Pan; Kyungjae Lee; Sungjoon Choi,2025,2025-02-18,"This paper presents a novel learning-based approach to dynamic robot-to-human handover, addressing the challenges of delivering objects to a moving receiver. We hypothesize that dynamic handover, where the robot adjusts to the receiver's movements, results in more efficient and comfortable interaction compared to static handover, where the receiver is assumed to be stationary. To validate this, we developed a nonparametric method for generating continuous handover motion, conditioned on the rece",http://arxiv.org/abs/2502.12602v1,human robot handover speed safety assembly
arXiv,Characterizing Input Methods for Human-to-robot Demonstrations,Pragathi Praveena; Guru Subramani; Bilge Mutlu; Michael Gleicher,2019,2019-01-31,"Human demonstrations are important in a range of robotics applications, and are created with a variety of input methods. However, the design space for these input methods has not been extensively studied. In this paper, focusing on demonstrations of hand-scale object manipulation tasks to robot arms with two-finger grippers, we identify distinct usage paradigms in robotics that utilize human-to-robot demonstrations, extract abstract features that form a design space for input methods, and charac",http://arxiv.org/abs/1902.00084v1,human robot handover speed safety assembly
arXiv,Data-driven Grip Force Variation in Robot-Human Handovers,Parag Khanna; Mårten Björkman; Christian Smith,2023,2023-03-28,"Handovers frequently occur in our social environments, making it imperative for a collaborative robotic system to master the skill of handover. In this work, we aim to investigate the relationship between the grip force variation for a human giver and the sensed interaction force-torque in human-human handovers, utilizing a data-driven approach. A Long-Short Term Memory (LSTM) network was trained to use the interaction force-torque in a handover to predict the human grip force variation in advan",http://arxiv.org/abs/2303.16009v1,human robot handover speed safety assembly
arXiv,Exploring Large Language Models to Facilitate Variable Autonomy for Human-Robot Teaming,Younes Lakhnati; Max Pascher; Jens Gerken,2023,2023-12-12,"In a rapidly evolving digital landscape autonomous tools and robots are becoming commonplace. Recognizing the significance of this development, this paper explores the integration of Large Language Models (LLMs) like Generative pre-trained transformer (GPT) into human-robot teaming environments to facilitate variable autonomy through the means of verbal human-robot communication. In this paper, we introduce a novel framework for such a GPT-powered multi-robot testbed environment, based on a Unit",http://arxiv.org/abs/2312.07214v3,human robot handover speed safety assembly
arXiv,Task-Oriented Robot-Human Handovers on Legged Manipulators,Andreea Tulbure; Carmen Scheidemann; Elias Steiner; Marco Hutter,2026,2026-02-05,"Task-oriented handovers (TOH) are fundamental to effective human-robot collaboration, requiring robots to present objects in a way that supports the human's intended post-handover use. Existing approaches are typically based on object- or task-specific affordances, but their ability to generalize to novel scenarios is limited. To address this gap, we present AFT-Handover, a framework that integrates large language model (LLM)-driven affordance reasoning with efficient texture-based affordance tr",http://arxiv.org/abs/2602.05760v2,human robot handover speed safety assembly
arXiv,Effect of Human Involvement on Work Performance and Fluency in Human-Robot Collaboration for Recycling,Sruthi Ramadurai; Heejin Jeong,2022,2022-01-20,"Human-robot collaboration has significant potential in recycling due to the wide variation in the composition of recyclable products. Six participants performed a recyclable item sorting task collaborating with a robot arm equipped with a vision system. The effect of three different levels of human involvement or assistance to the robot (Level 1- occlusion removal; Level 2- optimal spacing; Level 3- optimal grip) on performance metrics such as robot accuracy, task time and subjective fluency wer",http://arxiv.org/abs/2201.07990v1,human robot handover speed safety assembly
arXiv,High-level programming and control for industrial robotics: using a hand-held accelerometer-based input device for gesture and posture recognition,Pedro Neto; Norberto Pires; Paulo Moreira,2013,2013-09-09,"Purpose - Most industrial robots are still programmed using the typical teaching process, through the use of the robot teach pendant. This is a tedious and time-consuming task that requires some technical expertise, and hence new approaches to robot programming are required. The purpose of this paper is to present a robotic system that allows users to instruct and program a robot with a high-level of abstraction from the robot language.   Design/methodology/approach - The paper presents in detai",http://arxiv.org/abs/1309.2093v1,robot arm handoff industrial operator clearance
arXiv,Accelerometer-based control of an industrial robotic arm,Pedro Neto; Norberto Pires; Paulo Moreira,2013,2013-09-09,"Most of industrial robots are still programmed using the typical teaching process, through the use of the robot teach pendant. In this paper is proposed an accelerometer-based system to control an industrial robot using two low-cost and small 3-axis wireless accelerometers. These accelerometers are attached to the human arms, capturing its behavior (gestures and postures). An Artificial Neural Network (ANN) trained with a back-propagation algorithm was used to recognize arm gestures and postures",http://arxiv.org/abs/1309.2090v1,robot arm handoff industrial operator clearance
arXiv,High-level robot programming based on CAD: dealing with unpredictable environments,Pedro Neto; Nuno Mendes; Ricardo Araújo; J. Norberto Pires; A. Paulo Moreira,2013,2013-09-09,"Purpose - The purpose of this paper is to present a CAD-based human-robot interface that allows non-expert users to teach a robot in a manner similar to that used by human beings to teach each other.   Design/methodology/approach - Intuitive robot programming is achieved by using CAD drawings to generate robot programs off-line. Sensory feedback allows minimization of the effects of uncertainty, providing information to adjust the robot paths during robot operation.   Findings - It was found tha",http://arxiv.org/abs/1309.2086v1,robot arm handoff industrial operator clearance
arXiv,Pedipulate: Enabling Manipulation Skills using a Quadruped Robot's Leg,Philip Arm; Mayank Mittal; Hendrik Kolvenbach; Marco Hutter,2024,2024-02-16,"Legged robots have the potential to become vital in maintenance, home support, and exploration scenarios. In order to interact with and manipulate their environments, most legged robots are equipped with a dedicated robot arm, which means additional mass and mechanical complexity compared to standard legged robots. In this work, we explore pedipulation - using the legs of a legged robot for manipulation. By training a reinforcement learning policy that tracks position targets for one foot, we en",http://arxiv.org/abs/2402.10837v1,robot arm handoff industrial operator clearance
arXiv,Scientific Exploration of Challenging Planetary Analog Environments with a Team of Legged Robots,Philip Arm; Gabriel Waibel; Jan Preisig; Turcan Tuna; Ruyi Zhou et al.,2023,2023-07-19,"The interest in exploring planetary bodies for scientific investigation and in-situ resource utilization is ever-rising. Yet, many sites of interest are inaccessible to state-of-the-art planetary exploration robots because of the robots' inability to traverse steep slopes, unstructured terrain, and loose soil. Additionally, current single-robot approaches only allow a limited exploration speed and a single set of skills. Here, we present a team of legged robots with complementary skills for expl",http://arxiv.org/abs/2307.10079v1,robot arm handoff industrial operator clearance
arXiv,"Metarobotics for Industry and Society: Vision, Technologies, and Opportunities",Eric Guiffo Kaigom,2024,2024-03-31,"Metarobotics aims to combine next generation wireless communication, multi-sense immersion, and collective intelligence to provide a pervasive, itinerant, and non-invasive access and interaction with distant robotized applications. Industry and society are expected to benefit from these functionalities. For instance, robot programmers will no longer travel worldwide to plan and test robot motions, even collaboratively. Instead, they will have a personalized access to robots and their environment",http://arxiv.org/abs/2404.00797v2,robot arm handoff industrial operator clearance
arXiv,Collaborative Robot Arm Inserting Nasopharyngeal Swabs with Admittance Control,Peter Q. Lee; John S. Zelek; Katja Mombaur,2024,2024-08-21,"The nasopharyngeal (NP) swab sample test, commonly used to detect COVID-19 and other respiratory illnesses, involves moving a swab through the nasal cavity to collect samples from the nasopharynx. While typically this is done by human healthcare workers, there is a significant societal interest to enable robots to do this test to reduce exposure to patients and to free up human resources. The task is challenging from the robotics perspective because of the dexterity and safety requirements. Whil",http://arxiv.org/abs/2408.11688v1,robot arm handoff industrial operator clearance
arXiv,Challenges and Opportunities in Securing the Industrial Internet of Things,Martin Serror; Sacha Hack; Martin Henze; Marko Schuba; Klaus Wehrle,2021,2021-11-23,"Given the tremendous success of the Internet of Things in interconnecting consumer devices, we observe a natural trend to likewise interconnect devices in industrial settings, referred to as Industrial Internet of Things or Industry 4.0. While this coupling of industrial components provides many benefits, it also introduces serious security challenges. Although sharing many similarities with the consumer Internet of Things, securing the Industrial Internet of Things introduces its own challenges",http://arxiv.org/abs/2111.11714v1,robot arm handoff industrial operator clearance
arXiv,Regular Operators on Hilbert C^*-modules,Arupkumar Pal,1999,1999-06-25,"A regular operator T on a Hilbert C^*-module is defined just like a closed operator on a Hilbert space, with the extra condition that the range of (I+T^*T) is dense. Semiregular operators are a slightly larger class of operators that may not have this property. It is shown that, like in the case of regular operators, one can, without any loss in generality, restrict oneself to semiregular operators on C^*-algebras. We then prove that for abelian C^*-algebras as well as for subalgebras of the alg",http://arxiv.org/abs/math/9906169v1,robot arm handoff industrial operator clearance
arXiv,Automatic Design of Task-specific Robotic Arms,Ruta Desai; Margarita Safonova; Katharina Muelling; Stelian Coros,2018,2018-06-19,"We present an interactive, computational design system for creating custom robotic arms given high-level task descriptions and environmental constraints. Various task requirements can be encoded as desired motion trajectories for the robot arm's end-effector. Given such end-effector trajectories, our system enables on-demand design of custom robot arms using a library of modular and reconfigurable parts such as actuators and connecting links. By searching through the combinatorial set of possibl",http://arxiv.org/abs/1806.07419v1,robot arm handoff industrial operator clearance
arXiv,Human Robot Pacing Mismatch,Muchen Sun; Peter Trautman; Todd Murphey,2024,2024-03-03,"A widely accepted explanation for robots planning overcautious or overaggressive trajectories alongside human is that the crowd density exceeds a threshold such that all feasible trajectories are considered unsafe -- the freezing robot problem. However, even with low crowd density, the robot's navigation performance could still drop drastically when in close proximity to human. In this work, we argue that a broader cause of suboptimal navigation performance near human is due to the robot's misju",http://arxiv.org/abs/2403.01542v1,adaptive robot speed human proximity collision
arXiv,Advantages of Multimodal versus Verbal-Only Robot-to-Human Communication with an Anthropomorphic Robotic Mock Driver,Tim Schreiter; Lucas Morillo-Mendez; Ravi T. Chadalavada; Andrey Rudenko; Erik Billing et al.,2023,2023-07-03,"Robots are increasingly used in shared environments with humans, making effective communication a necessity for successful human-robot interaction. In our work, we study a crucial component: active communication of robot intent. Here, we present an anthropomorphic solution where a humanoid robot communicates the intent of its host robot acting as an ""Anthropomorphic Robotic Mock Driver"" (ARMoD). We evaluate this approach in two experiments in which participants work alongside a mobile robot on v",http://arxiv.org/abs/2307.00841v1,adaptive robot speed human proximity collision
arXiv,Human-Robot Teaming Field Deployments: A Comparison Between Verbal and Non-verbal Communication,Tauhid Tanjim; Promise Ekpo; Huajie Cao; Jonathan St. George; Kevin Ching et al.,2025,2025-06-10,"Healthcare workers (HCWs) encounter challenges in hospitals, such as retrieving medical supplies quickly from crash carts, which could potentially result in medical errors and delays in patient care. Robotic crash carts (RCCs) have shown promise in assisting healthcare teams during medical tasks through guided object searches and task reminders. Limited exploration has been done to determine what communication modalities are most effective and least disruptive to patient care in real-world setti",http://arxiv.org/abs/2506.08890v2,adaptive robot speed human proximity collision
arXiv,"Human Gaze and Head Rotation during Navigation, Exploration and Object Manipulation in Shared Environments with Robots",Tim Schreiter; Andrey Rudenko; Martin Magnusson; Achim J. Lilienthal,2024,2024-06-10,"The human gaze is an important cue to signal intention, attention, distraction, and the regions of interest in the immediate surroundings. Gaze tracking can transform how robots perceive, understand, and react to people, enabling new modes of robot control, interaction, and collaboration. In this paper, we use gaze tracking data from a rich dataset of human motion (THÖR-MAGNI) to investigate the coordination between gaze direction and head rotation of humans engaged in various indoor activities ",http://arxiv.org/abs/2406.06300v1,adaptive robot speed human proximity collision
arXiv,LLM-based ambiguity detection in natural language instructions for collaborative surgical robots,Ana Davila; Jacinto Colan; Yasuhisa Hasegawa,2025,2025-07-15,"Ambiguity in natural language instructions poses significant risks in safety-critical human-robot interaction, particularly in domains such as surgery. To address this, we propose a framework that uses Large Language Models (LLMs) for ambiguity detection specifically designed for collaborative surgical scenarios. Our method employs an ensemble of LLM evaluators, each configured with distinct prompting techniques to identify linguistic, contextual, procedural, and critical ambiguities. A chain-of",http://arxiv.org/abs/2507.11525v1,adaptive robot speed human proximity collision
arXiv,Energy Tank-based Control Framework for Satisfying the ISO/TS 15066 Constraint,Federico Benzi; Federica Ferraguti; Cristian Secchi,2023,2023-04-27,"The technical specification ISO/TS 15066 provides the foundational elements for assessing the safety of collaborative human-robot cells, which are the cornerstone of the modern industrial paradigm. The standard implementation of the ISO/TS 15066 procedure, however, often results in conservative motions of the robot, with consequently low performance of the cell. In this paper, we propose an energy tank-based approach that allows to directly satisfy the energetic bounds imposed by the ISO/TS 1506",http://arxiv.org/abs/2304.14059v1,ISO 15066 speed separation monitoring cobot
arXiv,Evolution of Safety Requirements in Industrial Robotics: Comparative Analysis of ISO 10218-1/2 (2011 vs. 2025) and Integration of ISO/TS 15066,Daniel Hartmann; Kristýna Hamříková; Aleš Vysocký; Vendula Laciok; Aleš Bernatík,2026,2026-02-19,"Industrial robotics has established itself as an integral component of large-scale manufacturing enterprises. Simultaneously, collaborative robotics is gaining prominence, introducing novel paradigms of human-machine interaction. These advancements have necessitated a comprehensive revision of safety standards, specifically incorporating requirements for cybersecurity and protection against unauthorized access in networked robotic systems. This article presents a comparative analysis of the ISO ",http://arxiv.org/abs/2602.17822v1,ISO 15066 speed separation monitoring cobot
arXiv,Understanding galaxy formation with ISO deep surveys,David Elbaz,2005,2005-03-17,"We present the results obtained through the various ISO extragalactic deep surveys. While IRAS revealed the existence of galaxies forming stars at a rate of a few tens (LIRGs) or even hundreds (ULIRGs) solar masses in the local universe, ISO not only discovered that these galaxies were already in place at redshift one, but also that they are not the extreme objects that we once believed them to be. Instead they appear to play a dominant role in shaping present-day galaxies as reflected by their ",http://arxiv.org/abs/astro-ph/0503389v1,ISO 15066 speed separation monitoring cobot
arXiv,Safe Physical Human-Robot Interaction through Variable Impedance Control based on ISO/TS 15066,Armin Ghanbarzadeh; Esmaeil Najafi,2023,2023-11-23,"The successful implementation of Physical Human-Robot Interaction in industrial environments depends on ensuring safe collaboration between human operators and robotic devices. This necessitates the adoption of measures that guarantee the safety of human operators in close proximity to robots, without constraining the speed and motion of the robotic systems. This paper proposes a novel variable impedance-based controller for cobots that ensures safe collaboration by adhering to the ISO/TS 15066 ",http://arxiv.org/abs/2311.13814v1,ISO 15066 speed separation monitoring cobot
arXiv,ISO impact on stellar models and vice versa,L. Decin; C. Waelkens; K. Eriksson; B. Gustafsson; B. Plez et al.,2000,2000-08-23,"We present a detailed spectroscopic study of a sample of bright, mostly cool, stars observed with the Short-Wavelength Spectrometer (SWS) on board the Infrared Space Observatory (ISO), which enables the accurate determination of the stellar parameters of the cool giants, but also serves as a critical review of the ISO-SWS calibration.",http://arxiv.org/abs/astro-ph/0008362v1,ISO 15066 speed separation monitoring cobot
arXiv,The European Large Area ISO Survey - ISOPHOT results using the MPIA-pipeline,C. Surace; P. Heraudeau; D. Lemke; S. Oliver; M. Rowan-Robinson et al.,1998,1998-12-07,"The European Large Area ISO Survey (ELAIS) will provide Infrared observations of 4 regions in the sky with ISO. Around 2000 Infrared sources have been detected at 7 and 15 microns (with ISOCAM), 90 and 175 microns (with ISOPHOT)) over 13 square degrees of the sky. We present the source extraction pipeline of the 90 microns ISOPHOT observations, describe and discuss the results obtained and derive the limits of the ELAIS observational strategy.",http://arxiv.org/abs/astro-ph/9812127v1,ISO 15066 speed separation monitoring cobot
arXiv,ISO's Contribution to the Study of Clusters of Galaxies,L. Metcalfe; D. Fadda; A. Biviano,2005,2005-06-17,"Starting with nearby galaxy clusters like Virgo and Coma, and continuing out to the furthest galaxy clusters for which ISO results have yet been published ($z=0.56$), we discuss the development of knowledge of the infrared and associated physical properties of galaxy clusters from early IRAS observations, through the ""ISO-era"" to the present, in order to explore the status of ISO's contribution to this field. Relevant IRAS and ISO programmes are reviewed, addressing both the cluster galaxies and",http://arxiv.org/abs/astro-ph/0506421v3,ISO 15066 speed separation monitoring cobot
arXiv,Night-sky brightness monitoring in Hong Kong - a city-wide light pollution assessment,Chun Shing Jason Pun; Chu Wing So,2011,2011-06-20,"Results of the first comprehensive light pollution survey in Hong Kong are presented. The night-sky brightness was measured and monitored around the city using a portable light sensing device called the Sky Quality Meter over a 15-month period beginning in March 2008. A total of 1,957 data sets were taken at 199 distinct locations, including urban and rural sites covering all 18 Administrative Districts of Hong Kong. The survey shows that the environmental light pollution problem in Hong Kong is",http://arxiv.org/abs/1106.3842v1,ISO 15066 speed separation monitoring cobot
arXiv,Parameter monitoring system of the Dubna Gas-Filled Recoil Separator,Y. S. Tsyganov; A. N. Polyakov; A. M. Sukhov,2015,2015-06-06,"PC-based one-crate monitoring and control system of the Dubna Gas Filled Recoil Separator (DGFRS) is considered. It is developed for the long-term experiments at the U400 FLNR cyclotron and is aimed at the synthesis of super heavy nuclei in heavy ion induced complete fusion reactions. Parameters related to:   a) beam and cyclotron;   b) separator by itself,   c) detection system,   d) target and entrance window are measured and stored in the protocol file of the experiment. Special attention is ",http://arxiv.org/abs/1506.02122v1,ISO 15066 speed separation monitoring cobot
arXiv,ISO and the Cosmic Infrared Background,Herve Dole,2002,2002-11-13,"ISO observed, for the first time to such a high sensitivity level, the mid- and far-infrared universe. A Number of deep surveys were performed to probe the cosmological evolution of galaxies. In this review, I discuss and summarize results of mid-infrared ISOCAM and far-infrared ISOPHOT surveys, and show how our vision of the extragalactic infrared universe has become more accurate. In particular, ISO allowed us to resolve into sources a significant fraction of the Cosmic Infrared Background (CI",http://arxiv.org/abs/astro-ph/0211310v2,ISO 15066 speed separation monitoring cobot
arXiv,FABRIC: A Framework for the Design and Evaluation of Collaborative Robots with Extended Human Adaptation,O. Can Görür; Benjamin Rosman; Fikret Sivrikaya; Sahin Albayrak,2021,2021-04-05,"A limitation for collaborative robots (cobots) is their lack of ability to adapt to human partners, who typically exhibit an immense diversity of behaviors. We present an autonomous framework as a cobot's real-time decision-making mechanism to anticipate a variety of human characteristics and behaviors, including human errors, toward a personalized collaboration. Our framework handles such behaviors in two levels: 1) short-term human behaviors are adapted through our novel Anticipatory Partially",http://arxiv.org/abs/2104.01976v2,human robot collaboration hesitation adaptive control
arXiv,CoHRT: A Collaboration System for Human-Robot Teamwork,Sujan Sarker; Haley N. Green; Mohammad Samin Yasar; Tariq Iqbal,2024,2024-10-11,"Collaborative robots are increasingly deployed alongside humans in factories, hospitals, schools, and other domains to enhance teamwork and efficiency. Systems that seamlessly integrate humans and robots into cohesive teams for coordinated and efficient task execution are needed, enabling studies on how robot collaboration policies affect team performance and teammates' perceived fairness, trust, and safety. Such a system can also be utilized to study the impact of a robot's normative behavior o",http://arxiv.org/abs/2410.08504v1,human robot collaboration hesitation adaptive control
arXiv,Extended Reality for Enhanced Human-Robot Collaboration: a Human-in-the-Loop Approach,Yehor Karpichev; Todd Charter; Jayden Hong; Amir M. Soufi Enayati; Homayoun Honari et al.,2024,2024-03-21,"The rise of automation has provided an opportunity to achieve higher efficiency in manufacturing processes, yet it often compromises the flexibility required to promptly respond to evolving market needs and meet the demand for customization. Human-robot collaboration attempts to tackle these challenges by combining the strength and precision of machines with human ingenuity and perceptual understanding. In this paper, we conceptualize and propose an implementation framework for an autonomous, ma",http://arxiv.org/abs/2403.14597v3,human robot collaboration hesitation adaptive control
